s01_rank,feature,s01_gain,in_top10_survival
1,PTWORKHS,0.4264803965212314,True
2,FS_ST12SV,0.24572586902104424,True
3,FS_ST29SV,0.20300393339735853,False
4,GFAP_Q,0.13815409412457036,True
5,AMY_CENTILOIDS,0.12130231849794997,True
6,NfL_Q,0.09375286894349888,False
7,TAU_META_TEMPORAL_SUVR,0.08822848402139274,False
8,FS_ST71SV,0.06990776952071806,False
9,AMY_SUMMARY_SUVR,0.0688937911755777,False
10,FS_ST89SV,0.06355695832174324,True
11,FS_ST88SV,0.0613275233010816,False
12,FS_ST52TA,0.06017843297239545,False
13,FS_ST45TA,0.057818306708040224,False
14,FS_ST31TA,0.053030483173961494,False
15,FS_ST10CV,0.05108093407096072,False
16,FS_ST129SA,0.048872681102425514,False
17,FS_ST101SV,0.04719579579836659,False
18,FS_ST102CV,0.04366302018059068,True
19,FS_ST84TS,0.043634626438622266,True
20,FS_ST80SV,0.04338053409930201,False
21,FS_ST32TA,0.03705551005249966,False
22,FS_ST13TA,0.03658888878394967,False
23,FS_ST55TA,0.03543139699284909,False
24,BSI_VENTVOL,0.03540847603034482,False
25,FS_ST72CV,0.035206511130495895,True
26,FS_ST93TA,0.03310711420843713,True
27,FS_ST72SA,0.03290910989653516,False
28,FS_ST99TA,0.03140185994798,False
29,APOE4_count,0.030804565692865816,True
30,FS_ST44TA,0.02896784673148805,False
31,AMY_COMPOSITE_REF_SUVR,0.02870265805864501,False
32,entry_age,0.027645028391256914,False
33,AB42_AB40_F,0.027475319078382427,False
34,pT217_AB42_F,0.027008722106180622,False
35,FS_ST34TA,0.025454614935197475,False
36,FS_ST150SV,0.02537014013222094,False
37,FS_ST95TS,0.025111792965168567,False
38,FS_ST43TS,0.024872732099709235,False
39,FS_ST83TA,0.024803478711138468,False
40,FS_ST46TS,0.024415027014924255,False
41,FS_ST14TS,0.024266915287167925,False
42,WMH_CEREBRUM_TCC,0.023583555054978222,False
43,FS_ST13TS,0.023083750392377794,False
44,FS_ST31CV,0.0225940707374361,False
45,FS_ST43CV,0.021646939237784314,False
46,FS_ST84SA,0.02146401355278888,False
47,FS_ST112SV,0.021221448647512037,False
48,FS_ST109TA,0.02115604242033081,False
49,FS_ST118TA,0.020531793507986302,False
50,FS_ST39TA,0.020489395859827578,False
51,FS_ST34SA,0.020454275501606976,False
52,FS_ST110CV,0.020290300888857325,False
53,FS_ST51TA,0.020040754695296592,False
54,FS_ST36SA,0.019872639319242536,False
55,NfL_F,0.019768576698176252,False
56,FS_ST91TS,0.01963664945877341,False
57,FS_ST113TA,0.019410377375074762,False
58,FS_ST74TS,0.01934690645019645,False
59,FS_ST117TS,0.019290689965582777,False
60,FS_ST26TA,0.019121083765545277,False
61,FS_ST43TA,0.01892409125022809,False
62,FS_ST47CV,0.018905710047364185,False
63,FS_ST98TS,0.01838887075765377,False
64,FS_ST21SV,0.017619604635464036,False
65,FS_ST39CV,0.017508213687138216,False
66,FS_ST49SA,0.017448855418363052,False
67,FS_ST128SV,0.017209946724079623,False
68,pT217_F,0.01714472114555917,False
69,FS_ST115SA,0.01695459549559466,False
70,FS_ST102SA,0.01656538532371693,False
71,FS_ST84TA,0.016294874455310648,False
72,FS_ST39SA,0.016121855742791437,False
73,FS_ST36TA,0.015409156101019256,False
74,FS_ST70SV,0.015337808498757972,False
75,FS_ST26SA,0.015307745869778953,False
76,FS_ST18SV,0.015222348823824382,False
77,FS_ST119TS,0.014711734870489363,False
78,FS_ST56SA,0.014659417362033257,False
79,FS_ST44TS,0.014548764236012514,False
80,FS_ST114CV,0.014486103782433184,False
81,FS_ST1SV,0.014395879097207517,False
82,FS_ST14SA,0.014357154354054467,False
83,FS_ST26CV,0.014294297962999953,False
84,WMH_CEREBRUM_GRAY,0.014243777866663592,False
85,FS_ST39TS,0.014197362853743616,False
86,FS_ST113TS,0.014172895026732283,False
87,FS_ST40TA,0.0138735144583844,False
88,FS_ST7SV,0.013811362606461704,False
89,FS_ST14CV,0.01368470181758921,False
90,FS_ST121TA,0.01365955067194753,False
91,FS_ST51CV,0.013428603373598602,False
92,FS_ST75SV,0.01338691965637759,False
93,FS_ST99CV,0.0133423600209141,False
94,FS_ST98TA,0.013319797216728742,False
95,FS_ST82TA,0.012509795568786217,False
96,FS_ST60TA,0.012506284514409945,False
97,FS_ST25CV,0.012430246287164945,False
98,FS_ST47TS,0.012411775268454477,False
99,FS_ST76SV,0.012372375455688252,False
100,GFAP_F,0.012341138495134,False
101,FS_ST55TS,0.011654864262878387,False
102,FS_ST36CV,0.011572754066197503,False
103,FS_ST24TS,0.0115287994098631,False
104,FS_ST93SA,0.011502617837817784,False
105,APOE4_carrier,0.011466155168008033,False
106,FS_ST30SV,0.011259974203001564,False
107,FS_ST90CV,0.011180479683638299,False
108,WMH_LEFT_HIPPO,0.010831114592687565,False
109,FS_ST93CV,0.010815866378859233,False
110,FS_ST121TS,0.010695330458145573,False
111,FS_ST40CV,0.010674957855469932,False
112,FS_ST130TA,0.010498185991233706,False
113,FS_ST35TS,0.010388361222480016,False
114,FS_ST102TS,0.010226711603940043,False
115,FS_ST35SA,0.010158616598367646,False
116,FS_ST58TA,0.01006273608792003,False
117,FS_ST60SA,0.010045005302300479,False
118,FS_ST129TA,0.010033541994256127,False
119,FS_ST57CV,0.010020508867176542,False
120,FS_ST65SV,0.009799886983942702,False
121,FS_ST116CV,0.009771709291551505,False
122,FS_ST85TS,0.009725720359787495,False
123,FS_ST125SV,0.009674682523156317,False
124,FS_ST114TS,0.009570847016732453,False
125,FS_ST34CV,0.009515031903298533,False
126,FS_ST104TS,0.009494801751264265,False
127,FS_ST3SV,0.009424131409922229,False
128,FS_ST13CV,0.009278893608547716,False
129,FS_ST103SA,0.009248592117556395,False
130,FS_ST94SA,0.009219756286142845,False
131,FS_ST52SA,0.009170416852611947,False
132,FS_ST62TA,0.009083235148779335,False
133,FS_ST82TS,0.009062933878288201,False
134,FS_ST5SV,0.00902155489087572,False
135,FS_ST6SV,0.00899126854314539,False
136,FS_ST57SA,0.008940272438823725,False
137,FS_ST46TA,0.008822074123645485,False
138,FS_ST58CV,0.008809037580885656,False
139,FS_ST60CV,0.008735436825166332,False
140,FS_ST90TS,0.008685011111162842,False
141,FS_ST74SA,0.008680097224551993,False
142,FS_ST42SV,0.008631717960727994,False
143,WMH_CEREBRUM_TCV,0.008400363358342796,False
144,TAU_CTX_ENTORHINAL_SUVR,0.008362560634250057,False
145,FS_ST50TA,0.008328981275200542,False
146,FS_ST46SA,0.008239301744461257,False
147,FS_ST24TA,0.008171212866326834,False
148,FS_ST35CV,0.008167045440351947,False
149,FS_ST66SV,0.008162201435230523,False
150,FS_ST105SA,0.008154152450179268,False
151,FS_ST55SA,0.008076026750669742,False
152,FS_ST121CV,0.008064668619831792,False
153,FS_ST72TS,0.008027589590605202,False
154,FS_ST54TS,0.007898185673148404,False
155,FS_ST103CV,0.007891032736783508,False
156,FS_ST62TS,0.007834487657174741,False
157,FS_ST32CV,0.007807055929661233,False
158,FS_ST54SA,0.007747123403836405,False
159,FS_ST130TS,0.007694021199614572,False
160,FS_ST83CV,0.0076540127534758815,False
161,FS_ST119CV,0.007631255903784168,False
162,FS_ST35TA,0.007560082843190366,False
163,FS_ST51SA,0.007426083700544478,False
164,FS_ST111TA,0.007375307880090188,False
165,PTEDUCAT,0.007335094500338304,False
166,FS_ST47SA,0.007301333927966233,False
167,FS_ST113SA,0.007292489597403789,False
168,FS_ST38TA,0.007253100235406458,False
169,FS_ST118TS,0.007224085224499761,False
170,FS_ST151SV,0.007016391799025267,False
171,FS_ST24SA,0.007011937160166312,False
172,FS_ST98CV,0.0070021363831055845,False
173,FS_ST48SA,0.006966659796329376,False
174,FS_ST113CV,0.006908384790954916,False
175,FS_ST127SV,0.006898928768104255,False
176,FS_ST105TA,0.006891508020370173,False
177,FS_ST56CV,0.0068540249384381555,False
178,FS_ST111TS,0.006850927162440975,False
179,FS_ST111SA,0.006823946645443319,False
180,FS_ST61SV,0.00677638716438579,False
181,age,0.006706266559288894,False
182,FS_ST83TS,0.0065176262843569055,False
183,FS_ST48TS,0.006460620976360975,False
184,FS_ST50TS,0.006445009955103593,False
185,FS_ST16SV,0.006421605016222345,False
186,FS_ST99TS,0.006414176253363144,False
187,AB42_F,0.006408913158618638,False
188,FS_ST15TS,0.006332105905597558,False
189,FS_ST85CV,0.0063203811300037655,False
190,FS_ST102TA,0.006319160533870839,False
191,FS_ST23TA,0.006273464321634043,False
192,AMY_AMYLOID_STATUS,0.006255211001894851,False
193,FS_ST107TS,0.0062340019137770205,False
194,FS_ST129CV,0.006190249278312876,False
195,AB40_F,0.006158329115194263,False
196,FS_ST95CV,0.006078438649033271,False
197,FS_ST43SA,0.006007672945868431,False
198,FS_ST54TA,0.00600734885913046,False
199,FS_ST17SV,0.006002975911525085,False
200,FS_ST130CV,0.005998781031318038,False
201,FS_ST36TS,0.0059902252360082954,False
202,FS_ST69SV,0.005986675772055312,False
203,FS_ST25TA,0.0059351231019855715,False
204,FS_ST82SA,0.005917891422754453,False
205,FS_ST116SA,0.005895269497329273,False
206,FS_ST124SV,0.00581904410175018,False
207,FS_ST24CV,0.005789927983269364,False
208,FS_ST73TS,0.005721284719347904,False
209,FS_ST90TA,0.005707963545737036,False
210,FS_ST110TA,0.0056565794731031314,False
211,FS_ST9SV,0.005623425995095509,False
212,FS_ST116TA,0.0056222203636436,False
213,FS_ST99SA,0.005551434401947828,False
214,FS_ST55CV,0.005495273407965488,False
215,FS_ST32TS,0.00546369294251486,False
216,FS_ST34TS,0.005443434915218247,False
217,FS_ST25TS,0.005436390935271339,False
218,FS_ST53SV,0.005427270500320148,False
219,FS_ST94TS,0.005418316697068522,False
220,FS_ST25SA,0.005365501142343409,False
221,WMH_CEREBRUM_TCB,0.005274547202133226,False
222,FS_ST107SA,0.005237806449412857,False
223,FS_ST84CV,0.00519025671159256,False
224,FS_ST15TA,0.00515888343700823,False
225,FS_ST108SA,0.0051004711467408665,False
226,FS_ST77SV,0.00507213033562947,False
227,FS_ST40TS,0.005049100440132431,False
228,FS_ST74CV,0.00500401683155487,False
229,FS_ST107CV,0.004909249459846794,False
230,FS_ST56TS,0.004901537528251987,False
231,FS_ST119SA,0.0048410474309629565,False
232,FS_ST26TS,0.00481792715603705,False
233,FS_ST110SA,0.0048161362972273985,False
234,FS_ST45CV,0.004747326392635212,False
235,FS_ST48CV,0.004654285449796684,False
236,FS_ST49TS,0.004653868947925466,False
237,PTMARRY,0.00465033153730294,False
238,FS_ST104TA,0.004650157849089282,False
239,FS_ST109TS,0.004643064390581055,False
240,FS_ST117CV,0.004615367618991956,False
241,FS_ST38SA,0.004595759750905712,False
242,FS_ST83SA,0.0045953411321972655,False
243,FS_ST49CV,0.004560935934836618,False
244,PTGENDER,0.004417671127426064,False
245,FS_ST103TS,0.00441231187205205,False
246,FS_ST57TA,0.00438972331819283,False
247,FS_ST96SV,0.004315784421168393,False
248,FS_ST108TA,0.00427908570864588,False
249,FS_ST2SV,0.004263614697818392,False
250,FS_ST62SA,0.00421238308852835,False
251,FS_ST93TS,0.004185595584981612,False
252,WMH_RIGHT_HIPPO,0.004153663046105453,False
253,FS_ST50SA,0.004129434285424818,False
254,FS_ST51TS,0.004122781465433378,False
255,FS_ST103TA,0.004023508458097431,False
256,FS_ST115TA,0.004022312191243859,False
257,FS_ST110TS,0.003993401497247279,False
258,FS_ST13SA,0.003973019892881053,False
259,WMH_CEREBRUM_WHITE,0.003956856374109983,False
260,FS_ST72TA,0.003908560190742676,False
261,FS_ST37SV,0.003818948712010274,False
262,FS_ST153SV,0.003795506569157152,False
263,FS_ST31SA,0.003793395389171201,False
264,FS_ST121SA,0.003781127754252089,False
265,FS_ST15SA,0.0036980449627543243,False
266,FS_ST50CV,0.003695660812944376,False
267,FS_ST40SA,0.0036902689021266217,False
268,FS_ST23SA,0.0036742881631801907,False
269,FS_ST60TS,0.0036258798768431843,False
270,FS_ST48TA,0.003622543378084288,False
271,FS_ST108CV,0.003618254579228132,False
272,FS_ST90SA,0.0035862475834109696,False
273,FS_ST104CV,0.0035676342142379578,False
274,FS_ST73SA,0.003523098484557476,False
275,FS_ST59SA,0.003427126931332556,False
276,FS_ST85SA,0.0033971114778672713,False
277,FS_ST56TA,0.003382663475099591,False
278,FS_ST23CV,0.003321620050444859,False
279,FS_ST59TS,0.003312826957984999,False
280,FS_ST73TA,0.003289093257419674,False
281,FS_ST155SV,0.0032860036333656,False
282,FS_ST94CV,0.0032810661350268023,False
283,FS_ST85TA,0.003253652543741395,False
284,FS_ST73CV,0.0032462950849350618,False
285,FS_ST14TA,0.003222198603210547,False
286,FS_ST117TA,0.003200544011652523,False
287,FS_ST116TS,0.0031443680922071454,False
288,FS_ST152SV,0.0031373674051900814,False
289,FS_ST46CV,0.003129297852437262,False
290,FS_ST28SA,0.0030800438022996176,False
291,FS_ST59CV,0.003035995264876918,False
292,FS_ST130SA,0.0029700666928988875,False
293,education_years,0.002939001794026776,False
294,FS_ST57TS,0.002839077595850465,False
295,FS_ST4SV,0.0028374158650351744,False
296,FS_ST23TS,0.0028232008734621877,False
297,FS_ST91CV,0.0028127146199944256,False
298,FS_ST129TS,0.0027994555839555386,False
299,FS_ST58TS,0.0027852173692341315,False
300,FS_ST49TA,0.0027751019292583242,False
301,FS_ST97TS,0.0027689359402570442,False
302,FS_ST106CV,0.0027538268199670474,False
303,FS_ST114TA,0.0027358120076680756,False
304,FS_ST106TS,0.002735034318490434,False
305,FS_ST107TA,0.0027254330990183246,False
306,FS_ST109SA,0.0026737404991925263,False
307,FS_ST54CV,0.002636843917812514,False
308,FS_ST52TS,0.0026348395113252113,False
309,FS_ST111CV,0.002618250248407432,False
310,FS_ST108TS,0.002608418982184873,False
311,FS_ST47TA,0.0025668523592209244,False
312,FS_ST98SA,0.0024779037787175263,False
313,sex,0.0023985511112310813,False
314,FS_ST62CV,0.002339147152574345,False
315,BSI_BRAINVOL,0.0023072828709840907,False
316,FS_ST115TS,0.002278706162394127,False
317,FS_ST91TA,0.002235135362209641,False
318,FS_ST118SA,0.002176846231538556,False
319,FS_ST109CV,0.002141007497997487,False
320,FS_ST44CV,0.0021380134327626606,False
321,FS_ST58SA,0.002133022651332449,False
322,FS_ST104SA,0.0020709155911626882,False
323,FS_ST45SA,0.0020400650100387825,False
324,FS_ST15CV,0.0020197625662357007,False
325,FS_ST106SA,0.0019394602573093989,False
326,FS_ST91SA,0.0019102849592508885,False
327,FS_ST106TA,0.001854484617857806,False
328,FS_ST97CV,0.0018531325443312148,False
329,FS_ST97SA,0.0017705986220736686,False
330,FS_ST31TS,0.0016271349486294924,False
331,FS_ST38TS,0.0015799226963439383,False
332,FS_ST95TA,0.0015783591616206523,False
333,FS_ST105CV,0.001566355042351062,False
334,FS_ST147SV,0.0014992536749663798,False
335,FS_ST119TA,0.001467751658136521,False
336,FS_ST44SA,0.0014543102380114195,False
337,FS_ST117SA,0.0014123662162463487,False
338,FS_ST45TS,0.0014090487655851432,False
339,FS_ST52CV,0.0013531208583242174,False
340,FS_ST32SA,0.0012627517525545854,False
341,FS_ST38CV,0.0012610445646157515,False
342,FS_ST149SV,0.0012269838912108916,False
343,FS_ST95SA,0.001224812836866567,False
344,FS_ST120SV,0.0012227962052123345,False
345,FS_ST118CV,0.0012003544944893538,False
346,FS_ST74TA,0.001184909210091067,False
347,FS_ST105TS,0.0011061857449575227,False
348,FS_ST154SV,0.0010859617547234795,False
349,FS_ST114SA,0.0010760039998145088,False
350,FS_ST82CV,0.0010657872574436303,False
351,FS_ST94TA,0.0010275319639874824,False
352,FS_ST115CV,0.0010141914565881267,False
353,FS_ST59TA,0.0009507646343151755,False
354,FS_ST97TA,0.0009144090469702518,False
355,FS_ST148SV,0.0008877800047053862,False
356,PTHAND,0.0007889563731399057,False
357,FS_ST11SV,0.00044986409295575823,False
358,FS_ST87sa,0.0002578400964954229,False
