,Cutoff,Acc,Sens,Spec,Prec,Youden,F1,AUC,APR,NND,Cutoff_std,Acc_std,Sens_std,Spec_std,Prec_std,Youden_std,F1_std,AUC_std,APR_std,NND_std
0,0.001,0.332,0.986,0.326,0.013,0.312,0.026,0.841,0.05,3.204,0.0,0.008,0.003,0.008,0.0,0.007,0.0,0.004,0.001,0.066
1,0.002,0.43,0.968,0.425,0.015,0.394,0.029,0.841,0.05,2.541,0.0,0.014,0.009,0.015,0.0,0.007,0.0,0.004,0.001,0.049
2,0.003,0.511,0.945,0.507,0.017,0.452,0.033,0.841,0.05,2.215,0.0,0.006,0.007,0.006,0.0,0.01,0.0,0.004,0.001,0.049
3,0.004,0.565,0.926,0.561,0.019,0.487,0.036,0.841,0.05,2.053,0.0,0.004,0.005,0.004,0.0,0.007,0.0,0.004,0.001,0.03
4,0.005,0.611,0.899,0.609,0.02,0.507,0.039,0.841,0.05,1.971,0.0,0.007,0.006,0.007,0.0,0.008,0.001,0.004,0.001,0.031
5,0.006,0.636,0.886,0.634,0.021,0.52,0.041,0.841,0.05,1.924,0.0,0.007,0.007,0.007,0.0,0.006,0.001,0.004,0.001,0.022
6,0.007,0.657,0.871,0.655,0.022,0.526,0.043,0.841,0.05,1.903,0.0,0.007,0.01,0.008,0.0,0.006,0.001,0.004,0.001,0.02
7,0.008,0.678,0.853,0.676,0.023,0.529,0.045,0.841,0.05,1.89,0.0,0.008,0.012,0.008,0.0,0.006,0.001,0.004,0.001,0.021
8,0.009,0.704,0.827,0.703,0.024,0.531,0.047,0.841,0.05,1.885,0.0,0.004,0.013,0.004,0.0,0.009,0.0,0.004,0.001,0.033
9,0.01,0.728,0.802,0.728,0.026,0.529,0.05,0.841,0.05,1.89,0.0,0.007,0.019,0.007,0.0,0.013,0.001,0.004,0.001,0.046
10,0.011,0.747,0.783,0.747,0.027,0.53,0.052,0.841,0.05,1.89,0.0,0.007,0.022,0.007,0.0,0.016,0.001,0.004,0.001,0.056
11,0.012,0.763,0.76,0.763,0.028,0.523,0.054,0.841,0.05,1.914,0.0,0.006,0.018,0.006,0.0,0.013,0.001,0.004,0.001,0.047
12,0.013,0.777,0.742,0.777,0.029,0.519,0.056,0.841,0.05,1.928,0.0,0.006,0.019,0.006,0.0,0.014,0.0,0.004,0.001,0.05
13,0.014,0.79,0.717,0.79,0.03,0.507,0.057,0.841,0.05,1.972,0.0,0.006,0.02,0.006,0.0,0.015,0.001,0.004,0.001,0.059
14,0.015,0.804,0.696,0.804,0.031,0.5,0.059,0.841,0.05,2.002,0.0,0.004,0.022,0.005,0.001,0.018,0.001,0.004,0.001,0.073
15,0.016,0.816,0.676,0.817,0.032,0.493,0.061,0.841,0.05,2.03,0.0,0.004,0.022,0.004,0.001,0.018,0.001,0.004,0.001,0.075
16,0.017,0.828,0.648,0.829,0.033,0.478,0.063,0.841,0.05,2.098,0.0,0.004,0.025,0.004,0.001,0.023,0.002,0.004,0.001,0.102
17,0.018,0.839,0.626,0.841,0.034,0.467,0.065,0.841,0.05,2.146,0.0,0.003,0.026,0.004,0.001,0.024,0.002,0.004,0.001,0.113
18,0.019,0.848,0.605,0.85,0.035,0.456,0.066,0.841,0.05,2.2,0.0,0.003,0.024,0.003,0.001,0.023,0.002,0.004,0.001,0.114
19,0.02,0.856,0.589,0.859,0.036,0.448,0.068,0.841,0.05,2.239,0.0,0.002,0.022,0.002,0.001,0.021,0.002,0.004,0.001,0.109
20,0.021,0.865,0.57,0.867,0.037,0.437,0.069,0.841,0.05,2.294,0.0,0.002,0.021,0.002,0.001,0.02,0.002,0.004,0.001,0.11
21,0.022,0.872,0.55,0.874,0.038,0.424,0.071,0.841,0.05,2.36,0.0,0.002,0.018,0.002,0.001,0.018,0.003,0.004,0.001,0.107
22,0.023,0.879,0.531,0.882,0.039,0.413,0.072,0.841,0.05,2.429,0.0,0.002,0.018,0.002,0.001,0.018,0.003,0.004,0.001,0.112
23,0.024,0.886,0.507,0.89,0.04,0.397,0.073,0.841,0.05,2.522,0.0,0.003,0.017,0.003,0.001,0.016,0.003,0.004,0.001,0.108
24,0.025,0.894,0.49,0.897,0.041,0.387,0.076,0.841,0.05,2.586,0.0,0.004,0.015,0.004,0.002,0.015,0.003,0.004,0.001,0.1
25,0.026,0.901,0.469,0.905,0.042,0.374,0.078,0.841,0.05,2.676,0.0,0.005,0.013,0.005,0.002,0.012,0.003,0.004,0.001,0.085
26,0.027,0.909,0.44,0.913,0.044,0.354,0.079,0.841,0.05,2.83,0.0,0.006,0.014,0.006,0.002,0.011,0.004,0.004,0.001,0.087
27,0.028,0.915,0.42,0.92,0.045,0.339,0.081,0.841,0.05,2.948,0.0,0.005,0.012,0.005,0.002,0.01,0.004,0.004,0.001,0.089
28,0.029,0.921,0.401,0.926,0.046,0.327,0.083,0.841,0.05,3.062,0.0,0.004,0.01,0.004,0.002,0.009,0.003,0.004,0.001,0.083
29,0.03,0.926,0.38,0.931,0.047,0.311,0.084,0.841,0.05,3.215,0.0,0.003,0.009,0.003,0.002,0.008,0.003,0.004,0.001,0.079
30,0.031,0.931,0.361,0.936,0.048,0.297,0.085,0.841,0.05,3.366,0.0,0.003,0.005,0.003,0.002,0.004,0.003,0.004,0.001,0.042
31,0.032,0.935,0.35,0.94,0.05,0.29,0.087,0.841,0.05,3.454,0.0,0.003,0.007,0.003,0.002,0.006,0.003,0.004,0.001,0.071
32,0.033,0.938,0.338,0.943,0.05,0.281,0.088,0.841,0.05,3.561,0.0,0.003,0.011,0.003,0.002,0.009,0.003,0.004,0.001,0.115
33,0.034,0.941,0.323,0.946,0.051,0.269,0.088,0.841,0.05,3.724,0.0,0.004,0.016,0.004,0.002,0.012,0.002,0.004,0.001,0.178
34,0.035,0.944,0.307,0.95,0.052,0.257,0.089,0.841,0.05,3.906,0.0,0.004,0.02,0.004,0.001,0.016,0.002,0.004,0.001,0.267
35,0.036,0.947,0.298,0.953,0.054,0.251,0.091,0.841,0.05,4.012,0.0,0.004,0.023,0.005,0.002,0.018,0.002,0.004,0.001,0.32
36,0.037,0.95,0.286,0.956,0.055,0.242,0.092,0.841,0.05,4.17,0.0,0.004,0.024,0.004,0.001,0.02,0.002,0.004,0.001,0.384
37,0.038,0.952,0.275,0.958,0.056,0.233,0.093,0.841,0.05,4.33,0.0,0.004,0.027,0.004,0.001,0.023,0.003,0.004,0.001,0.483
38,0.039,0.955,0.261,0.961,0.057,0.222,0.093,0.841,0.05,4.538,0.0,0.003,0.022,0.003,0.001,0.019,0.002,0.004,0.001,0.446
39,0.04,0.958,0.246,0.965,0.059,0.211,0.095,0.841,0.05,4.787,0.0,0.002,0.022,0.003,0.001,0.02,0.003,0.004,0.001,0.505
40,0.041,0.961,0.238,0.967,0.061,0.205,0.097,0.841,0.05,4.921,0.0,0.002,0.02,0.002,0.002,0.018,0.004,0.004,0.001,0.485
41,0.042,0.962,0.23,0.969,0.062,0.198,0.097,0.841,0.05,5.081,0.0,0.002,0.019,0.002,0.002,0.017,0.004,0.004,0.001,0.496
42,0.043,0.964,0.222,0.971,0.063,0.193,0.099,0.841,0.05,5.251,0.0,0.002,0.02,0.002,0.003,0.019,0.006,0.004,0.001,0.576
43,0.044,0.966,0.213,0.973,0.065,0.185,0.1,0.841,0.05,5.473,0.0,0.001,0.022,0.001,0.005,0.021,0.008,0.004,0.001,0.685
44,0.045,0.968,0.201,0.975,0.067,0.176,0.1,0.841,0.05,5.776,0.0,0.002,0.021,0.002,0.005,0.02,0.008,0.004,0.001,0.705
45,0.046,0.97,0.186,0.977,0.069,0.164,0.1,0.841,0.05,6.174,0.0,0.001,0.017,0.001,0.006,0.017,0.008,0.004,0.001,0.671
46,0.047,0.972,0.175,0.979,0.069,0.154,0.099,0.841,0.05,6.557,0.0,0.002,0.015,0.002,0.005,0.014,0.006,0.004,0.001,0.572
47,0.048,0.973,0.166,0.98,0.07,0.146,0.099,0.841,0.05,6.882,0.0,0.002,0.012,0.002,0.005,0.011,0.006,0.004,0.001,0.529
48,0.049,0.974,0.157,0.982,0.072,0.139,0.098,0.841,0.05,7.232,0.0,0.002,0.012,0.002,0.005,0.011,0.005,0.004,0.001,0.56
49,0.05,0.975,0.153,0.982,0.073,0.135,0.098,0.841,0.05,7.423,0.0,0.002,0.011,0.002,0.005,0.01,0.005,0.004,0.001,0.543
50,0.051,0.976,0.146,0.984,0.074,0.13,0.098,0.841,0.05,7.75,0.0,0.002,0.011,0.002,0.005,0.009,0.005,0.004,0.001,0.553
51,0.052,0.977,0.14,0.985,0.076,0.124,0.098,0.841,0.05,8.097,0.0,0.002,0.012,0.002,0.005,0.011,0.006,0.004,0.001,0.659
52,0.053,0.978,0.133,0.986,0.077,0.119,0.097,0.841,0.05,8.505,0.0,0.002,0.014,0.002,0.006,0.012,0.007,0.004,0.001,0.828
53,0.054,0.979,0.129,0.986,0.077,0.115,0.096,0.841,0.05,8.753,0.0,0.002,0.011,0.002,0.006,0.01,0.006,0.004,0.001,0.734
54,0.055,0.979,0.125,0.987,0.079,0.112,0.097,0.841,0.05,9.014,0.0,0.001,0.009,0.001,0.007,0.009,0.007,0.004,0.001,0.676
55,0.056,0.98,0.121,0.987,0.08,0.109,0.096,0.841,0.05,9.257,0.0,0.001,0.009,0.001,0.008,0.009,0.008,0.004,0.001,0.731
56,0.057,0.98,0.118,0.988,0.081,0.106,0.096,0.841,0.05,9.498,0.0,0.001,0.009,0.001,0.009,0.009,0.008,0.004,0.001,0.744
57,0.058,0.981,0.115,0.989,0.083,0.104,0.096,0.841,0.05,9.713,0.0,0.001,0.008,0.001,0.009,0.008,0.008,0.004,0.001,0.741
58,0.059,0.981,0.113,0.989,0.084,0.102,0.096,0.841,0.05,9.867,0.0,0.001,0.008,0.001,0.009,0.008,0.008,0.004,0.001,0.721
59,0.06,0.982,0.111,0.989,0.086,0.101,0.097,0.841,0.05,9.974,0.0,0.001,0.007,0.001,0.008,0.007,0.007,0.004,0.001,0.688
60,0.061,0.982,0.107,0.99,0.086,0.097,0.095,0.841,0.05,10.411,0.0,0.001,0.007,0.001,0.008,0.007,0.008,0.004,0.001,0.725
61,0.062,0.982,0.104,0.99,0.087,0.094,0.094,0.841,0.05,10.695,0.0,0.001,0.005,0.001,0.008,0.005,0.007,0.004,0.001,0.559
62,0.063,0.983,0.101,0.99,0.087,0.091,0.093,0.841,0.05,10.989,0.0,0.001,0.003,0.001,0.006,0.003,0.004,0.004,0.001,0.374
63,0.064,0.983,0.097,0.991,0.088,0.088,0.092,0.841,0.05,11.337,0.0,0.001,0.002,0.001,0.005,0.002,0.003,0.004,0.001,0.261
64,0.065,0.983,0.095,0.991,0.089,0.086,0.092,0.841,0.05,11.649,0.0,0.001,0.002,0.001,0.006,0.002,0.003,0.004,0.001,0.248
65,0.066,0.984,0.093,0.991,0.09,0.085,0.091,0.841,0.05,11.81,0.0,0.001,0.002,0.001,0.007,0.002,0.003,0.004,0.001,0.298
66,0.067,0.984,0.088,0.992,0.09,0.08,0.089,0.841,0.05,12.503,0.0,0.001,0.002,0.001,0.009,0.003,0.005,0.004,0.001,0.422
67,0.068,0.984,0.085,0.992,0.09,0.077,0.088,0.841,0.05,12.926,0.0,0.001,0.002,0.001,0.008,0.002,0.004,0.004,0.001,0.424
68,0.069,0.984,0.084,0.993,0.091,0.076,0.087,0.841,0.05,13.112,0.0,0.001,0.002,0.001,0.007,0.002,0.004,0.004,0.001,0.335
69,0.07,0.985,0.081,0.993,0.092,0.074,0.086,0.841,0.05,13.505,0.0,0.001,0.002,0.001,0.009,0.002,0.004,0.004,0.001,0.421
70,0.071,0.985,0.08,0.993,0.094,0.073,0.086,0.841,0.05,13.704,0.0,0.001,0.002,0.001,0.009,0.003,0.004,0.004,0.001,0.505
71,0.072,0.985,0.078,0.993,0.095,0.071,0.086,0.841,0.05,14.061,0.0,0.001,0.003,0.001,0.011,0.003,0.006,0.004,0.001,0.657
72,0.073,0.985,0.075,0.994,0.095,0.068,0.083,0.841,0.05,14.692,0.0,0.001,0.003,0.001,0.01,0.003,0.005,0.004,0.001,0.641
73,0.074,0.986,0.072,0.994,0.096,0.066,0.082,0.841,0.05,15.222,0.0,0.001,0.004,0.001,0.009,0.004,0.005,0.004,0.001,1.036
74,0.075,0.986,0.069,0.994,0.098,0.063,0.081,0.841,0.05,15.862,0.0,0.001,0.003,0.001,0.011,0.003,0.005,0.004,0.001,0.837
75,0.076,0.986,0.066,0.995,0.099,0.061,0.08,0.841,0.05,16.447,0.0,0.0,0.004,0.0,0.011,0.004,0.006,0.004,0.001,1.115
76,0.077,0.986,0.064,0.995,0.099,0.059,0.078,0.841,0.05,16.942,0.0,0.0,0.003,0.0,0.011,0.003,0.005,0.004,0.001,0.944
77,0.078,0.987,0.064,0.995,0.102,0.059,0.078,0.841,0.05,17.091,0.0,0.0,0.003,0.0,0.011,0.003,0.006,0.004,0.001,1.02
78,0.079,0.987,0.062,0.995,0.101,0.057,0.077,0.841,0.05,17.635,0.0,0.0,0.003,0.0,0.01,0.003,0.004,0.004,0.001,0.862
79,0.08,0.987,0.06,0.995,0.103,0.055,0.076,0.841,0.05,18.194,0.0,0.0,0.002,0.0,0.013,0.002,0.005,0.004,0.001,0.735
80,0.081,0.987,0.058,0.996,0.109,0.053,0.075,0.841,0.05,18.748,0.0,0.001,0.002,0.001,0.013,0.002,0.004,0.004,0.001,0.817
81,0.082,0.988,0.055,0.996,0.111,0.051,0.074,0.841,0.05,19.568,0.0,0.0,0.003,0.0,0.013,0.003,0.005,0.004,0.001,1.023
82,0.083,0.988,0.055,0.996,0.113,0.051,0.074,0.841,0.05,19.702,0.0,0.0,0.003,0.0,0.013,0.003,0.005,0.004,0.001,1.113
83,0.084,0.988,0.053,0.996,0.118,0.049,0.073,0.841,0.05,20.429,0.0,0.0,0.004,0.0,0.015,0.004,0.006,0.004,0.001,1.475
84,0.085,0.988,0.049,0.997,0.117,0.046,0.069,0.841,0.05,21.857,0.0,0.0,0.004,0.0,0.011,0.004,0.004,0.004,0.001,1.743
85,0.086,0.988,0.048,0.997,0.118,0.045,0.068,0.841,0.05,22.458,0.0,0.0,0.004,0.0,0.01,0.004,0.004,0.004,0.001,1.858
86,0.087,0.988,0.046,0.997,0.118,0.043,0.066,0.841,0.05,23.726,0.0,0.0,0.005,0.0,0.008,0.004,0.004,0.004,0.001,2.215
87,0.088,0.989,0.044,0.997,0.12,0.041,0.064,0.841,0.05,24.51,0.0,0.0,0.004,0.0,0.006,0.004,0.004,0.004,0.001,2.117
88,0.089,0.989,0.043,0.997,0.122,0.041,0.064,0.841,0.05,24.906,0.0,0.0,0.005,0.0,0.006,0.004,0.004,0.004,0.001,2.442
89,0.09,0.989,0.042,0.997,0.122,0.039,0.062,0.841,0.05,25.973,0.0,0.0,0.004,0.0,0.007,0.004,0.004,0.004,0.001,2.488
90,0.091,0.989,0.042,0.997,0.126,0.039,0.062,0.841,0.05,25.901,0.0,0.0,0.004,0.0,0.006,0.004,0.004,0.004,0.001,2.502
91,0.092,0.989,0.04,0.997,0.126,0.038,0.061,0.841,0.05,26.579,0.0,0.0,0.004,0.0,0.008,0.003,0.004,0.004,0.001,2.322
92,0.093,0.989,0.039,0.998,0.129,0.037,0.06,0.841,0.05,27.576,0.0,0.0,0.003,0.0,0.007,0.003,0.003,0.004,0.001,2.218
93,0.094,0.989,0.038,0.998,0.131,0.036,0.059,0.841,0.05,28.202,0.0,0.0,0.003,0.0,0.009,0.003,0.003,0.004,0.001,2.203
94,0.095,0.989,0.036,0.998,0.129,0.034,0.056,0.841,0.05,29.665,0.0,0.0,0.003,0.0,0.008,0.003,0.004,0.004,0.001,2.561
95,0.096,0.989,0.035,0.998,0.129,0.033,0.055,0.841,0.05,30.832,0.0,0.0,0.003,0.0,0.007,0.003,0.004,0.004,0.001,2.742
96,0.097,0.989,0.034,0.998,0.13,0.032,0.054,0.841,0.05,31.541,0.0,0.0,0.003,0.0,0.007,0.002,0.003,0.004,0.001,2.355
97,0.098,0.989,0.033,0.998,0.134,0.031,0.053,0.841,0.05,32.03,0.0,0.0,0.002,0.0,0.01,0.002,0.002,0.004,0.001,1.672
98,0.099,0.99,0.032,0.998,0.134,0.03,0.052,0.841,0.05,32.946,0.0,0.0,0.002,0.0,0.009,0.002,0.002,0.004,0.001,1.966
99,0.1,0.99,0.031,0.998,0.133,0.029,0.05,0.841,0.05,34.647,0.0,0.0,0.003,0.0,0.012,0.003,0.004,0.004,0.001,3.75
