s01_rank,feature,s01_gain
1,FS_ST12SV,0.21102766248461352
2,FS_ST29SV,0.1255606485602502
3,FS_ST88SV,0.12005061094652324
4,TAU_CTX_ENTORHINAL_SUVR,0.10370831615264323
5,pT217_F,0.10181224524202606
6,TAU_META_TEMPORAL_SUVR,0.09458454328310929
7,FS_ST111TA,0.08084174284968151
8,AMY_SUMMARY_SUVR,0.07796435030357486
9,FS_ST99TA,0.07628953667265256
10,FS_ST89SV,0.06812194736995433
11,FS_ST40TA,0.06609308484593372
12,FS_ST49TS,0.06302398217665041
13,FS_ST58TA,0.06270975285736882
14,FS_ST32TA,0.06246555601195686
15,PTWORKHS,0.06231335169214745
16,AMY_CENTILOIDS,0.06164797747222861
17,pT217_AB42_F,0.05230369397862284
18,FS_ST90TA,0.05095995652248017
19,NfL_Q,0.04764666257065183
20,FS_ST60TA,0.04541124610732307
21,NfL_F,0.044886519330532546
22,FS_ST46TS,0.04374401909064979
23,FS_ST83CV,0.042534753492379375
24,FS_ST10CV,0.04113182591282106
25,FS_ST72TA,0.04096664647391212
26,AB42_AB40_F,0.03844099580431976
27,FS_ST23TA,0.03773659685343361
28,FS_ST83TA,0.03680104674310011
29,entry_age,0.03559837144778842
30,FS_ST117TS,0.034598118079572415
31,FS_ST115TS,0.03374275454143823
32,FS_ST125SV,0.033343262606076576
33,FS_ST39TA,0.0333295736130195
34,FS_ST15TS,0.03244248050383328
35,APOE4_count,0.031144518776333167
36,FS_ST71SV,0.030523788486975643
37,FS_ST72CV,0.027886781266858444
38,FS_ST93TA,0.02778377514442816
39,FS_ST52TA,0.027733913466715655
40,FS_ST4SV,0.02630516190000367
41,AB40_F,0.025624623737234627
42,GFAP_F,0.025589045795427326
43,FS_ST34TA,0.025487348483351904
44,FS_ST52CV,0.024076446086842115
45,FS_ST109TS,0.024066558247184875
46,FS_ST121TS,0.023698302842296765
47,FS_ST118TS,0.023694184373726113
48,FS_ST14CV,0.023431487803568157
49,FS_ST109SA,0.023348990988613785
50,FS_ST50TA,0.023118150368029847
51,FS_ST43TS,0.023057700336249334
52,FS_ST129TS,0.02150737495539743
53,FS_ST58CV,0.021101547818369294
54,FS_ST34CV,0.021039926374992367
55,FS_ST3SV,0.02091256184796822
56,FS_ST7SV,0.020327331686826745
57,FS_ST30SV,0.019945243659607353
58,FS_ST108CV,0.019822961546972
59,WMH_CEREBRUM_TCC,0.01955363253986179
60,FS_ST85TS,0.019407766098165146
61,FS_ST109TA,0.019165138994408748
62,FS_ST128SV,0.018645907594283095
63,WMH_LEFT_HIPPO,0.01844312280250578
64,FS_ST44TA,0.018248966072629158
65,FS_ST121SA,0.01788094924047293
66,FS_ST129SA,0.017689852457340116
67,FS_ST74TS,0.017682656888083504
68,FS_ST2SV,0.0175710806979748
69,FS_ST46SA,0.017466699411502144
70,FS_ST23CV,0.017434370568682238
71,FS_ST66SV,0.017196456021700605
72,FS_ST16SV,0.01702816987137145
73,FS_ST93CV,0.016872587440965897
74,FS_ST90TS,0.016549389666297168
75,FS_ST13TS,0.01604970030057304
76,FS_ST13TA,0.01573987652482557
77,FS_ST18SV,0.015120979234385785
78,FS_ST62SA,0.014942084129848805
79,FS_ST59TA,0.014677686426988633
80,FS_ST108TS,0.014611271791389574
81,FS_ST54TA,0.014572174253000059
82,FS_ST69SV,0.014492564116118697
83,AB42_F,0.014348420614569665
84,FS_ST90CV,0.01430278833805607
85,FS_ST129TA,0.014112927912951797
86,FS_ST23TS,0.013897715898106247
87,FS_ST74TA,0.01358894433928014
88,FS_ST57CV,0.013473438181854952
89,FS_ST99TS,0.013265106150866972
90,FS_ST118CV,0.01322301311482093
91,FS_ST103CV,0.013086715816547164
92,FS_ST70SV,0.012971601737401573
93,FS_ST98TS,0.01267715453613592
94,FS_ST94TS,0.012459345989493081
95,FS_ST73TS,0.012370430222942536
96,FS_ST59CV,0.012336226805685056
97,WMH_CEREBRUM_GRAY,0.012313238625152972
98,FS_ST83TS,0.012307189054053022
99,FS_ST107TS,0.012236601790737722
100,PTEDUCAT,0.012232019682030807
101,FS_ST111CV,0.012181951857460143
102,FS_ST40CV,0.012172258924091852
103,FS_ST54SA,0.012161167746419059
104,FS_ST120SV,0.012149236523780712
105,FS_ST80SV,0.012125229298582597
106,FS_ST24SA,0.012107290929260658
107,FS_ST39TS,0.011689042780622251
108,FS_ST85SA,0.011447804485197359
109,FS_ST25TS,0.011363008963025143
110,FS_ST15SA,0.011331403901200373
111,BSI_VENTVOL,0.011259972356957597
112,FS_ST103SA,0.011080617032857613
113,FS_ST57SA,0.011077714082539719
114,FS_ST9SV,0.010974924561348402
115,FS_ST36TS,0.010966731824763588
116,FS_ST55SA,0.010870240066004715
117,FS_ST114CV,0.010861815255719559
118,FS_ST15TA,0.01084777002424454
119,FS_ST37SV,0.010834909179457744
120,FS_ST55TS,0.010799267092478772
121,age,0.010713976347468243
122,FS_ST60CV,0.010624679022406158
123,APOE4_carrier,0.010609343698766373
124,FS_ST103TS,0.010502011359801347
125,FS_ST110TS,0.010403648949474337
126,FS_ST95TS,0.010364271883073203
127,FS_ST58SA,0.010278103880749843
128,FS_ST101SV,0.010266505621768963
129,FS_ST84SA,0.010165006919717553
130,FS_ST90SA,0.010116505610887096
131,FS_ST50CV,0.0100758124847914
132,FS_ST25TA,0.010043118392492672
133,FS_ST44CV,0.010015343604738772
134,FS_ST48TA,0.0099921556146753
135,FS_ST43CV,0.009866451271817673
136,FS_ST45TS,0.009857397176063081
137,FS_ST84TA,0.009796235032647536
138,FS_ST129CV,0.009605610243769666
139,FS_ST50TS,0.00958744324646914
140,FS_ST58TS,0.00956825901623819
141,FS_ST26SA,0.009445472262681564
142,FS_ST47TS,0.009434503786576455
143,FS_ST48CV,0.00943254282564258
144,FS_ST107TA,0.009369922593739043
145,FS_ST98CV,0.009323548004845764
146,FS_ST35TA,0.0092810733687036
147,FS_ST75SV,0.009248162224922396
148,FS_ST51TS,0.009226035385324512
149,FS_ST105SA,0.009199606497626495
150,FS_ST118SA,0.009093542775597836
151,FS_ST111SA,0.009014781176271133
152,FS_ST110TA,0.009009546281449392
153,FS_ST102TS,0.008964530868416087
154,FS_ST35CV,0.008899888461828685
155,FS_ST44SA,0.008870734416347496
156,FS_ST91TS,0.008869673109672183
157,FS_ST84CV,0.008867343586811561
158,FS_ST47SA,0.008782268757643258
159,FS_ST24CV,0.00870502265781179
160,FS_ST119CV,0.008661994684308734
161,FS_ST109CV,0.008652062103579545
162,FS_ST97SA,0.008606069664504029
163,FS_ST51TA,0.008549101517664852
164,FS_ST113CV,0.008522123015075664
165,FS_ST25CV,0.008495683626472846
166,FS_ST83SA,0.008304683814555102
167,FS_ST47CV,0.008280378658478643
168,FS_ST99CV,0.00819528035122634
169,FS_ST106TA,0.00819016669370341
170,FS_ST85CV,0.008131469589166935
171,FS_ST73SA,0.008093860511947382
172,FS_ST14TS,0.008038017699019746
173,FS_ST118TA,0.00799428572165926
174,FS_ST103TA,0.007970416007443512
175,FS_ST72SA,0.007932479021365256
176,FS_ST52SA,0.007902063387386568
177,FS_ST105TA,0.0078087023442892185
178,FS_ST72TS,0.007759438063143522
179,FS_ST32CV,0.007725101146634007
180,FS_ST116TS,0.007682109711877638
181,FS_ST24TS,0.007660399095181208
182,FS_ST95CV,0.0076537109806039776
183,FS_ST15CV,0.007571988178916089
184,FS_ST54TS,0.007568794762980262
185,FS_ST49CV,0.007560355686664979
186,FS_ST113TA,0.007393142847895847
187,AMY_COMPOSITE_REF_SUVR,0.007368846430962787
188,FS_ST13SA,0.007280749026184155
189,FS_ST50SA,0.007233441844161526
190,FS_ST36TA,0.00720260793540884
191,FS_ST26TA,0.007202351913419119
192,FS_ST153SV,0.0071926974254277725
193,FS_ST82SA,0.007162507847591723
194,FS_ST13CV,0.007142376274825803
195,FS_ST93SA,0.007090130366970953
196,FS_ST38TS,0.007064569298750802
197,FS_ST5SV,0.007044130985122197
198,FS_ST48SA,0.0069083691292711295
199,FS_ST62TS,0.006898871650561218
200,FS_ST121CV,0.006884024161661015
201,FS_ST85TA,0.0068748074997485266
202,FS_ST14SA,0.0068572066087966635
203,FS_ST114SA,0.006816900689496728
204,FS_ST104TA,0.006725943033050459
205,FS_ST105CV,0.006685415300034163
206,FS_ST95SA,0.006673366877150831
207,FS_ST124SV,0.006665375143211057
208,FS_ST116TA,0.006590262300991453
209,WMH_CEREBRUM_WHITE,0.006560545947282738
210,FS_ST112SV,0.006542380670565222
211,FS_ST102SA,0.006534818723561653
212,FS_ST110SA,0.006509914730748292
213,FS_ST45TA,0.006500001459645873
214,FS_ST102CV,0.006481283120420648
215,FS_ST55CV,0.006480865179143629
216,FS_ST14TA,0.00645369039660017
217,FS_ST57TS,0.006356433345472527
218,FS_ST62TA,0.006305865837314009
219,FS_ST119SA,0.006246407716928277
220,WMH_RIGHT_HIPPO,0.006217261200650826
221,FS_ST34TS,0.006104783527514548
222,FS_ST31TA,0.006041314978424622
223,FS_ST39SA,0.005987177440258898
224,FS_ST46TA,0.005974430204775224
225,FS_ST38CV,0.005972926220637255
226,FS_ST1SV,0.005969884549660098
227,FS_ST44TS,0.005920377099724205
228,FS_ST130CV,0.005915823272556649
229,FS_ST104SA,0.00589640545325394
230,FS_ST77SV,0.005870238508566847
231,FS_ST45SA,0.005867715151020735
232,FS_ST106CV,0.00583112298944993
233,FS_ST130TA,0.00583050922287388
234,FS_ST60SA,0.005787444217540258
235,FS_ST99SA,0.005771342177876823
236,FS_ST84TS,0.0057668391122235405
237,WMH_CEREBRUM_TCB,0.005704789047981114
238,FS_ST17SV,0.005673687552239417
239,FS_ST31TS,0.005640747364790215
240,FS_ST56TA,0.005617348840838436
241,FS_ST26CV,0.005613515293209161
242,FS_ST56TS,0.0056095927755581716
243,FS_ST65SV,0.0055968436686520545
244,FS_ST151SV,0.005566503901269575
245,FS_ST117CV,0.005499643337197685
246,FS_ST76SV,0.005483285609647277
247,FS_ST106SA,0.005394802182814632
248,FS_ST114TS,0.005354561969965394
249,FS_ST117SA,0.00535420968729324
250,GFAP_Q,0.005332353203068128
251,FS_ST21SV,0.005326865468047346
252,FS_ST82CV,0.005319206963264572
253,FS_ST35SA,0.005311057361575012
254,FS_ST97TS,0.00528916905966315
255,FS_ST42SV,0.005262876007277157
256,FS_ST23SA,0.005236073814141887
257,FS_ST43TA,0.005221391051824254
258,FS_ST31CV,0.005159680703253531
259,FS_ST87sa,0.005146446370724017
260,FS_ST116CV,0.0051091097881997595
261,FS_ST104CV,0.005084445429355428
262,FS_ST104TS,0.005016525788295372
263,FS_ST6SV,0.004982502558057307
264,FS_ST39CV,0.004922215941826012
265,FS_ST94CV,0.00490364935724096
266,FS_ST96SV,0.004872420089747731
267,FS_ST56SA,0.004869451103750498
268,FS_ST62CV,0.004866437498194575
269,FS_ST108TA,0.00484446418989073
270,FS_ST51SA,0.004776955217984229
271,FS_ST97TA,0.004729913210962383
272,FS_ST26TS,0.00472084889498158
273,FS_ST36SA,0.004707511085703043
274,FS_ST32SA,0.00469148445331374
275,FS_ST130SA,0.004669279897632272
276,FS_ST82TS,0.0045949976352961585
277,FS_ST54CV,0.004568792601809688
278,FS_ST119TS,0.00456289760628871
279,FS_ST24TA,0.004499106580200048
280,FS_ST35TS,0.004453487207682948
281,FS_ST48TS,0.004445307530661456
282,FS_ST36CV,0.004431803492575393
283,FS_ST119TA,0.004337242667049546
284,FS_ST25SA,0.0043035877750020836
285,PTMARRY,0.00424333065076892
286,FS_ST113SA,0.0042309620776192
287,FS_ST110CV,0.004191086305583033
288,FS_ST45CV,0.004184927408760907
289,FS_ST73CV,0.004182843248175494
290,FS_ST121TA,0.004128407196463847
291,FS_ST57TA,0.00409873573795278
292,FS_ST59SA,0.0040729711774415735
293,FS_ST98SA,0.00398447823509073
294,FS_ST28SA,0.00397652250917215
295,FS_ST11SV,0.003939252737220396
296,FS_ST49TA,0.003935024453406093
297,education_years,0.003918509732446264
298,FS_ST52TS,0.003895230022726182
299,FS_ST43SA,0.003894549875262922
300,FS_ST94SA,0.0038579604147975866
301,FS_ST115SA,0.003851944007163109
302,FS_ST95TA,0.0038415264915816873
303,FS_ST34SA,0.003826407871792376
304,FS_ST73TA,0.0037620016321894966
305,FS_ST108SA,0.003753985582050621
306,FS_ST116SA,0.0037177236269877543
307,FS_ST127SV,0.0036550187933535655
308,FS_ST106TS,0.0036487778260892445
309,FS_ST91TA,0.0036073477320655474
310,FS_ST154SV,0.003569085152398462
311,FS_ST107CV,0.0035161745993123094
312,FS_ST40TS,0.0034773274060477216
313,FS_ST61SV,0.0034437659822233882
314,FS_ST82TA,0.003441751851449961
315,FS_ST147SV,0.0034332784574136236
316,FS_ST32TS,0.0034025463564703274
317,FS_ST117TA,0.0033999800115922054
318,FS_ST60TS,0.0033753883391724913
319,FS_ST47TA,0.0033658481136528686
320,FS_ST93TS,0.0033609515208004007
321,FS_ST38TA,0.0033540691998816697
322,FS_ST91SA,0.003324594980947649
323,FS_ST98TA,0.0033072966959241164
324,FS_ST51CV,0.003301084236544109
325,FS_ST49SA,0.003242553833292911
326,FS_ST111TS,0.0031840988492538107
327,FS_ST130TS,0.003156065225157897
328,FS_ST59TS,0.0031257543917934034
329,FS_ST115CV,0.0030528136034375414
330,FS_ST53SV,0.002991877326406781
331,FS_ST56CV,0.0029327932411051987
332,FS_ST46CV,0.0029149614720842187
333,FS_ST38SA,0.0028904198584413683
334,FS_ST113TS,0.0027910833744609525
335,FS_ST40SA,0.002703682582188337
336,FS_ST31SA,0.002624804122806871
337,FS_ST152SV,0.0026176294132397634
338,WMH_CEREBRUM_TCV,0.002581549514077357
339,FS_ST97CV,0.002507695173081074
340,FS_ST149SV,0.0024649226660293545
341,FS_ST91CV,0.0024116178043077827
342,FS_ST74CV,0.0022334522375437233
343,FS_ST114TA,0.002223231334571648
344,FS_ST115TA,0.0022108759600797615
345,FS_ST102TA,0.002131995735678022
346,FS_ST155SV,0.0021212834178121124
347,FS_ST74SA,0.001990676260178126
348,BSI_BRAINVOL,0.0019289860728388644
349,FS_ST94TA,0.001888855923371798
350,FS_ST105TS,0.0018715262902806256
351,AMY_AMYLOID_STATUS,0.0018126467661254402
352,FS_ST55TA,0.0015512618504273875
353,FS_ST107SA,0.0014733435637062434
354,FS_ST150SV,0.001271839279386941
355,FS_ST148SV,0.0010771701284325393
356,sex,0.00034912134483778146
357,PTHAND,0.00025106536729521147
